Stratégie,Recall (Défaut),F1-Score (Défaut),AUC-ROC
Baseline,0.0,0.0,0.739392305322174
SMOTE,0.8925982127803068,0.26401356473169757,0.7379722364470034
Sous-échant.,0.7207890743550834,0.31608133086876156,0.7392315474594522
SMOTETomek,0.8877086494688923,0.2650390133400453,0.7380562348395143
